DataSetID,PDBFileID,Mutations,LChains,RChains
1,1TM1,I Y61A,E,I
2,1TM1,I Y61G,E,I
3,1TM1,I R65A,E,I
4,1TM1,I R67A,E,I
5,1TM1,I R67C,E,I
6,1TM1,I R65A;I R67A,E,I
7,1CBW,I K15A,A;B;C;F;G;H,D;I
8,1A4Y,A Y434F,A,B
9,1A4Y,A Y437F,A,B
10,1A4Y,A D435A;A Y434A,A,B
11,1A4Y,A Y434A;A Y437A,A,B
12,1A4Y,A Y434A;B R5A,A,B
13,1A4Y,A D435A;B R5A,A,B
14,1A4Y,A D435A;A Y434A;B R5A,A,B
15,1A4Y,A Y434A;A Y437A;B R5A,A,B
16,1A4Y,B K40G,A,B
17,1A4Y,A Y434F;B K40G,A,B
18,1A4Y,A D435A;B K40G,A,B
19,1A4Y,A Y437A;B K40G,A,B
20,1A4Y,A D435A;A Y434A;B K40G,A,B
21,1A4Y,A Y434A;A Y437A;B K40G,A,B
22,1DFJ,I Y430F,E,I
23,1DFJ,I Y433F,E,I
24,1DFJ,I D431A;I Y430A,E,I
25,1DFJ,I Y430A;I Y433A,E,I
26,1FCC,C T25A,A;B,C
27,1FCC,C K28A,A;B,C
28,1FCC,C K31A,A;B,C
29,1FCC,C N35A,A;B,C
30,1FCC,C D40A,A;B,C
31,1FCC,C E42A,A;B,C
32,1FCC,C W43A,A;B,C
33,1FCC,C T44A;C Y45A,A;B,C
34,1XD3,B K6A,A,B
35,1XD3,B K27A,A,B
36,1XD3,B R42L,A,B
37,1XD3,B R54L,A,B
38,1XD3,B H68N,A,B
39,1XD3,B R72L,A,B
40,1XD3,B R74L,A,B
41,1XD3,B E24A,A,B
42,1XD3,B D39A,A,B
43,1XD3,B E51A,A,B
44,1XD3,B D52A,A,B
45,1XD3,B D58A,A,B
46,1XD3,B K6R,A,B
47,1XD3,B L8A,A,B
48,1XD3,B K11R,A,B
49,1XD3,B K27R,A,B
50,1XD3,B K33R,A,B
51,1XD3,B I44A,A,B
52,1JTG,A S235A,B,A
53,1JTG,A S130A,B,A
54,1JTG,A R243A,B,A
55,1JTG,A K234A,B,A
56,1JTG,A R243A;A S130A,B,A
57,1JTG,A K234A;A S130A,B,A
58,1JTG,A R243A;A S130A;A S235A,B,A
59,1JTG,A K234A;A S130A;A S235A,B,A
60,1JTG,A K234A;A R243A,B,A
61,1JTG,A K234A;A R243A;A S235A,B,A
62,1JTG,A K234A;A R243A;A S130A,B,A
63,1JTG,A K234A;A R243A;A S130A;A S235A,B,A
64,1DQJ,C Y20A,A;B,C
65,1DQJ,C R21A,A;B,C
66,1DQJ,C W63A,A;B,C
67,1DQJ,C K97A,A;B,C
68,1DQJ,C D101A,A;B,C
69,2I9B,E R137A,E,A
70,2I9B,E K139A,E,A
71,2I9B,E R142A,E,A
72,2I9B,E H143A,E,A
73,2I9B,E R145A,E,A
74,1JTG,B T32K,B,A
75,1JTG,B V93K,B,A
76,1JTG,B T140K,B,A
77,1JTG,B N89K,B,A
78,1JTG,B D163A,B,A
79,1JTG,B D163K,B,A
80,1JTG,B Q157K;B T140K,B,A
81,1JTG,B D163K;B N89K;B V165K,B,A
82,1JTG,B D135K;B D163K;B V134K,B,A
83,1JTG,B D135K;B D163K;B N89K;B V165K,B,A
84,1F47,A D4A,B,A
85,1F47,A Y5A,B,A
86,1F47,A L6A,B,A
87,1F47,A D7A,B,A
88,1F47,A I8A,B,A
89,1F47,A P9A,B,A
90,1F47,A F11A,B,A
91,1F47,A L12A,B,A
92,1F47,A K14A,B,A
93,1F47,A Q15A,B,A
94,1REW,A D30A;B D30A,A;B,C
95,1REW,A W31A;B W31A,A;B,C
96,1REW,A D30A;A W31A;B D30A;B W31A,A;B,C
97,1REW,A F49A;B F49A,A;B,C
98,1REW,A P50A;B P50A,A;B,C
99,1REW,A F49A;A P50A;B F49A;B P50A,A;B,C
100,1REW,A H39D;B H39D,A;B,C
101,1REW,A S88A;B S88A,A;B,C
102,1REW,A L100A;B L100A,A;B,C
103,1REW,A H39D;A S88A;B H39D;B S88A,A;B,C
104,1REW,A H39D;A L100A;B H39D;B L100A,A;B,C
105,1REW,A A34D;B A34D,A;B,C
106,1REW,A D53A;B D53A,A;B,C
107,1REW,A E109R;B E109R,A;B,C
108,1REW,A A34D;A D30A;B A34D;B D30A,A;B,C
109,1REW,A A34D;A D53A;B A34D;B D53A,A;B,C
110,1REW,A D53A;A E109R;B D53A;B E109R,A;B,C
111,1DFJ,I Q426A;I V428A,E,I
112,1DFJ,I E436A;I T435A;I W434A,E,I
113,1DFJ,I R453A,E,I
114,1DFJ,I I455A,E,I
115,1A4Y,A Q430A;A V432A,A,B
116,1A4Y,A E440A;A S439A;A W438A,A,B
117,1A4Y,A R457A,A,B
118,1A4Y,A I459A,A,B
119,1DFJ,I E202A,E,I
120,1DFJ,I W257A,E,I
121,1DFJ,I W259A,E,I
122,1DFJ,I E283A,E,I
123,1DFJ,I S285A,E,I
124,1DFJ,I W314A,E,I
125,1DFJ,I K316A,E,I
126,1DFJ,I E340A,E,I
127,1DFJ,I E397A,E,I
128,1A4Y,B H84A,A,B
129,1A4Y,B W89A,A,B
130,1A4Y,A W261A,A,B
131,1A4Y,A W263A,A,B
132,1A4Y,A E287A,A,B
133,1A4Y,A S289A,A,B
134,1A4Y,A W318A,A,B
135,1A4Y,A K320A,A,B
136,1A4Y,A E344A,A,B
137,1A4Y,A W375A,A,B
138,1A4Y,A E401A,A,B
139,1JRH,L E27A,H;L,I
140,1JRH,L D28A,H;L,I
141,1JRH,L Y30A,H;L,I
142,1JRH,L Y91A,H;L,I
143,1JRH,L W92A,H;L,I
144,1JRH,L S93A,H;L,I
145,1JRH,L T94A,H;L,I
146,1JRH,L W96A,H;L,I
147,1JRH,H Y32A,H;L,I
148,1JRH,H W52A,H;L,I
149,1JRH,H W53A,H;L,I
150,1JRH,H D54A,H;L,I
151,1JRH,H D55A,H;L,I
152,1JRH,H D56A,H;L,I
153,1JRH,H Y58A,H;L,I
154,1JRH,H R95A,H;L,I
155,1JRH,H F98A,H;L,I
156,1JRH,H Y99A,H;L,I
157,1JRH,H H100bA,H;L,I
158,1JRH,I E55P;I I57R,H;L,I
159,1JRH,I E55G;I I57R;I S54G,H;L,I
160,1JRH,I E55P;I I57L,H;L,I
161,1JRH,I E55P;I I57K;I S54G,H;L,I
162,1JRH,I E55P,H;L,I
163,1HE8,A K223V,B,A
164,1HE8,A K223V;A R226A,B,A
165,1HE8,A K223V;A K234A,B,A
166,1HE8,A D238A;A K223V,B,A
167,1HE8,A K223V;A K254A,B,A
168,1HE8,A K223V;A K256A,B,A
169,1HE8,A D260A;A K223V,B,A
170,1HE8,A E267K;A K223V,B,A
171,1HE8,A E919A;A K223V,B,A
172,1HE8,A E919K;A K223V,B,A
173,2PCC,A D34A,A,B
174,2PCC,A V197A,A,B
175,2PCC,A E290A,A,B
176,2PCC,B K87A,A,B
177,2PCC,A D34A;B K87A,A,B
178,2PCC,A V197A;B K87A,A,B
179,2PCC,B K72A,A,B
180,2PCC,A V197A;B K72A,A,B
181,2PCC,A E290A;B K72A,A,B
182,2PCC,B A81G,A,B
183,2PCC,A D34A;B A81G,A,B
184,2PCC,A V197A;B A81G,A,B
185,1F47,A D7S,B,A
186,1F47,A D7G,B,A
187,1S1Q,A V43A,A,B
188,1S1Q,A F44A,A,B
189,1S1Q,A N45A,A,B
190,1S1Q,A D46A,A,B
191,1S1Q,A W75A,A,B
192,1S1Q,A F88A,A,B
193,1DQJ,C W62A,A;B,C
194,1DQJ,C L75A,A;B,C
195,1DQJ,C T89A,A;B,C
196,1DQJ,C N93A,A;B,C
197,1DQJ,C K96A,A;B,C
198,1DQJ,C S100A,A;B,C
199,1DQJ,A N31A,A;B,C
200,1DQJ,A N32A,A;B,C
201,1DQJ,A Y50A,A;B,C
202,1DQJ,A S91A,A;B,C
203,1DQJ,A Y96A,A;B,C
204,1DQJ,B D32A,A;B,C
205,1DQJ,B Y33A,A;B,C
206,1DQJ,B Y50A,A;B,C
207,1DQJ,B Y53A,A;B,C
208,1DQJ,B W98A,A;B,C
209,1DQJ,A N32A;C K96A,A;B,C
210,1DQJ,A S91A;C R21A,A;B,C
211,1DQJ,A S91A;C Y20A,A;B,C
212,1DQJ,A Y96A;C R21A,A;B,C
213,1DQJ,A Y96A;C S100A,A;B,C
214,1DQJ,B D32A;C K97A,A;B,C
215,1DQJ,B Y53A;C W62A,A;B,C
216,1DQJ,B Y53A;C W63A,A;B,C
217,1DQJ,B Y53A;C L75A,A;B,C
218,1DQJ,B Y53A;C D101A,A;B,C
219,1DQJ,B W98A;C S100A,A;B,C
220,1DQJ,B W98A;C K97A,A;B,C
221,1DQJ,B W98A;C Y20A,A;B,C
222,1KAC,A P417S,A,B
223,1KAC,A S489Y,A,B
226,1A4Y,B R5A,A,B
227,1A4Y,B R32A,A,B
228,1A4Y,B R66A,A,B
229,1A4Y,B R70A,A,B
230,1A4Y,B R31A,A,B
231,1A4Y,B R33A,A,B
232,1REW,A W28F;B W28F,A;B,C
233,1REW,A D53P;B D53P,A;B,C
234,1REW,A S69R;B S69R,A;B,C
235,1REW,A Y103A;B Y103A,A;B,C
236,1REW,C Q86A,A;B,C
237,1LFD,A R20A,B,A
238,1LFD,A S22K,B,A
239,1LFD,A L23K,B,A
240,1LFD,A N27K,B,A
241,1LFD,A M30K,B,A
242,1LFD,A K32A,B,A
243,1LFD,A K48A,B,A
244,1LFD,A D51A,B,A
245,1LFD,A D51K,B,A
246,1LFD,A K52A,B,A
247,1LFD,A N54K,B,A
248,1LFD,A L55K,B,A
249,1LFD,A D56A,B,A
250,1LFD,A E57A,B,A
251,1LFD,A E57K,B,A
252,1LFD,A D58K,B,A
253,1LFD,A N92K,B,A
254,1LFD,A Y93K,B,A
255,1LFD,A D94K,B,A
256,1LFD,A D58K;A M30K,B,A
257,1LFD,A D94K;A M30K,B,A
258,1LFD,A D51K;A D58K;A M30K,B,A
259,1LFD,A D51K;A D58K;A D94K;A M30K,B,A
260,1LFD,A D51K;A D56K;A E57K,B,A
261,1LFD,A D58K;A D94K,B,A
262,1TM1,I M59G,E,I
263,1TM1,I M59A,E,I
264,1TM1,I M59K,E,I
265,1TM1,I M59Y,E,I
266,1TM1,I M59F,E,I
267,1JTG,B K74A,B,A
268,1JTG,B F142A,B,A
269,1JTG,B Y143A,B,A
270,1JTG,B F142A;B K74A,B,A
271,1JTG,B K74A;B Y143A,B,A
272,1JTG,B F142A;B Y143A,B,A
273,1JTG,B F142A;B K74A;B Y143A,B,A
274,1JTG,A E104A,B,A
275,1JTG,A E104A;B K74A,B,A
276,1JTG,A E104A;B F142A,B,A
277,1JTG,A E104A;B Y143A,B,A
278,1JTG,A E104A;B F142A;B K74A,B,A
279,1JTG,A E104A;B K74A;B Y143A,B,A
280,1JTG,A E104A;B F142A;B Y143A,B,A
281,1JTG,A E104A;B F142A;B K74A;B Y143A,B,A
282,1JTG,A Y105A,B,A
283,1JTG,A Y105A;B K74A,B,A
284,1JTG,A Y105A;B F142A,B,A
285,1JTG,A Y105A;B Y143A,B,A
286,1JTG,A Y105A;B F142A;B K74A,B,A
287,1JTG,A Y105A;B K74A;B Y143A,B,A
288,1JTG,A Y105A;B F142A;B Y143A,B,A
289,1JTG,A Y105A;B F142A;B K74A;B Y143A,B,A
290,1JTG,A E104A;A Y105A,B,A
291,1JTG,A E104A;A Y105A;B K74A,B,A
292,1JTG,A E104A;A Y105A;B F142A,B,A
293,1JTG,A E104A;A Y105A;B Y143A,B,A
294,1JTG,A E104A;A Y105A;B F142A;B K74A,B,A
295,1JTG,A E104A;A Y105A;B K74A;B Y143A,B,A
296,1JTG,A E104A;A Y105A;B F142A;B Y143A,B,A
297,1JTG,A E104A;A Y105A;B F142A;B K74A;B Y143A,B,A
298,1JTG,A R243A;B K74A,B,A
299,1JTG,A R243A;B F142A,B,A
300,1JTG,A R243A;B Y143A,B,A
301,1JTG,A R243A;B F142A;B K74A,B,A
302,1JTG,A R243A;B K74A;B Y143A,B,A
303,1JTG,A K234A;B K74A,B,A
304,1JTG,A K234A;B F142A;B K74A,B,A
305,1JTG,A K234A;B K74A;B Y143A,B,A
306,1JTG,A K234A;B F142A;B K74A;B Y143A,B,A
307,1JTG,A S130A;B F142A;B K74A;B Y143A,B,A
308,1TM1,I T58A,E,I
309,1TM1,I T58P,E,I
310,1TM1,I E60A,E,I
311,1TM1,I E60S,E,I
312,1TM1,I E60S;I M59R,E,I
313,1TM1,I R62A,E,I
314,2A9K,B G99D,A,B
315,2B42,A H374A,B,A
316,2B42,A H374Q,B,A
317,2B42,A H374K,B,A
318,1KTZ,B L27A,A,B
319,1KTZ,B F30A,A,B
320,1KTZ,B D32A,A,B
321,1KTZ,B D32N,A,B
322,1KTZ,B S49A,A,B
323,1KTZ,B I50A,A,B
324,1KTZ,B T51A,A,B
325,1KTZ,B S52A,A,B
326,1KTZ,B S52L,A,B
327,1KTZ,B I53A,A,B
328,1KTZ,B E55A,A,B
329,1KTZ,B V77A,A,B
330,1KTZ,B D118A,A,B
331,1KTZ,B E119A,A,B
332,1KTZ,B E119Q,A,B
333,1KTZ,B N47A,A,B
334,1KTZ,B V62A,A,B
335,1KTZ,B E75A,A,B
336,1KTZ,B H79A,A,B
337,1KTZ,B F110A,A,B
338,1KTZ,B M112A,A,B
339,1KTZ,B I125A,A,B
340,2I26,N A30V,N,L
341,2I26,N S61R,N,L
342,2J12,A S299A,A,B
343,2J1K,C R515A,C,T
344,2J1K,C G370D,C,T
345,2J1K,C R384A,C,T
346,1JTG,A Q99A,B,A
347,1JTG,A N100A,B,A
348,1JTG,A V103A,B,A
349,1JTG,A P107A,B,A
350,1JTG,A E110A,B,A
351,1JTG,A M129A,B,A
352,1JTG,A E168A,B,A
353,1JTG,A V216A,B,A
354,1JTG,B F36A,B,A
355,1JTG,B H41A,B,A
356,1JTG,B Y53A,B,A
357,1JTG,B S71A,B,A
358,1JTG,B W112A,B,A
359,1JTG,B S113A,B,A
360,1JTG,B H148A,B,A
361,1JTG,B W150A,B,A
362,1JTG,B R160A,B,A
363,1JTG,B W162A,B,A
364,1JTG,A Q99A;B H148A,B,A
365,1JTG,A Q99A;B W150A,B,A
366,1JTG,A Q99A;B R160A,B,A
367,1JTG,A N100A;B H148A,B,A
368,1JTG,A N100A;B W150A,B,A
369,1JTG,A N100A;B R160A,B,A
370,1JTG,A E168A;B W162A,B,A
371,1JTG,A V103A;B W162A,B,A
372,1JTG,A M129A;B Y53A,B,A
373,1JTG,A M129A;B F36A,B,A
374,1JTG,A P107A;B H41A,B,A
375,1JTG,A P107A;B Y53A,B,A
376,1JTG,A E110A;B S113A;B S71A,B,A
377,1JTG,A E110A;B S113A,B,A
378,1JTG,A E110A;B S71A,B,A
379,1JTG,A E104A;B S113A,B,A
380,1JTG,A Q99A;B W112A,B,A
381,1JTG,A Q99A;B W162A,B,A
382,1JTG,A Q99A;B K74A,B,A
383,1JTG,A Q99A;B F142A,B,A
384,1JTG,A N100A;B W112A,B,A
385,1JTG,A N100A;B W162A,B,A
386,1JTG,A N100A;B K74A,B,A
387,1JTG,A N100A;B F142A,B,A
388,1JTG,A V103A;B R160A,B,A
389,1JTG,A V103A;B F142A,B,A
390,1JTG,A E168A;B W112A,B,A
391,1JTG,A E168A;B W150A,B,A
392,1JTG,A E168A;B R160A,B,A
393,1JTG,A E168A;B K74A,B,A
394,1JTG,A E168A;B F142A,B,A
395,1JTG,A E110A;B Y50A,B,A
396,1JTG,A M129A;B S113A;B S71A,B,A
397,2JEL,P F2Y,H;L,P
398,2JEL,P F2W,H;L,P
399,2JEL,P Q3K,H;L,P
400,2JEL,P Q4K,H;L,P
401,2JEL,P E5D,H;L,P
402,2JEL,P E5Q,H;L,P
403,2JEL,P V6F,H;L,P
404,2JEL,P T7N,H;L,P
405,2JEL,P T7S,H;L,P
406,2JEL,P P11E,H;L,P
407,2JEL,P N12D,H;L,P
408,2JEL,P R17G,H;L,P
409,2JEL,P R17K,H;L,P
410,2JEL,P K24E,H;L,P
411,2JEL,P K27E,H;L,P
412,2JEL,P T34Q,H;L,P
413,2JEL,P T36Q,H;L,P
414,2JEL,P N38T,H;L,P
415,2JEL,P S41C,H;L,P
416,2JEL,P S43C,H;L,P
417,2JEL,P S46C,H;L,P
418,2JEL,P Q57E,H;L,P
419,2JEL,P T62N,H;L,P
420,2JEL,P T62A,H;L,P
421,2JEL,P S64T,H;L,P
422,2JEL,P E66K,H;L,P
423,2JEL,P E68A,H;L,P
424,2JEL,P D69E,H;L,P
425,2JEL,P E70K,H;L,P
426,2JEL,P E70A,H;L,P
427,2JEL,P Q71E,H;L,P
428,2JEL,P K72R,H;L,P
429,2JEL,P K72E,H;L,P
430,2JEL,P E75R,H;L,P
431,2JEL,P H76D,H;L,P
432,2JEL,P H76A,H;L,P
433,2JEL,P K79E,H;L,P
434,2JEL,P A82S,H;L,P
435,2JEL,P E83A,H;L,P
436,2JEL,P E85Q,H;L,P
437,2JEL,P E85D,H;L,P
438,2JEL,P E85A,H;L,P
439,2JEL,P E85K,H;L,P
440,1UUZ,A H62Q,A,D
441,1UUZ,A H62N,A,D
442,1UUZ,A H62D,A,D
443,1UUZ,A H62A,A,D
444,1UUZ,A C64A,A,D
445,1EAW,A Q38A,A,B
446,1EAW,A I41A,A,B
447,1EAW,A I60A,A,B
448,1EAW,A D60aA,A,B
449,1EAW,A D60bA,A,B
450,1EAW,A R60cA,A,B
451,1EAW,A F60eA,A,B
452,1EAW,A R60fA,A,B
453,1EAW,A Y60gA,A,B
454,1EAW,A R87A,A,B
455,1EAW,A F94A,A,B
456,1EAW,A N95A,A,B
457,1EAW,A D96A,A,B
458,1EAW,A F97A,A,B
459,1EAW,A T98A,A,B
460,1EAW,A H143A,A,B
461,1EAW,A Q145A,A,B
462,1EAW,A Y146A,A,B
463,1EAW,A T150A,A,B
464,1EAW,A L153A,A,B
465,1EAW,A E169A,A,B
466,1EAW,A Q174A,A,B
467,1EAW,A Q175A,A,B
468,1EAW,A D217A,A,B
469,1EAW,A Q221aA,A,B
470,1EAW,A R222A,A,B
471,1EAW,A K224A,A,B
472,3BN9,B Q38A,B,C;D
473,3BN9,B I41A,B,C;D
474,3BN9,B I60A,B,C;D
475,3BN9,B D60aA,B,C;D
476,3BN9,B D60bA,B,C;D
477,3BN9,B R60cA,B,C;D
478,3BN9,B F60eA,B,C;D
479,3BN9,B R60fA,B,C;D
480,3BN9,B Y60gA,B,C;D
481,3BN9,B R87A,B,C;D
482,3BN9,B F94A,B,C;D
483,3BN9,B N95A,B,C;D
484,3BN9,B T98A,B,C;D
485,3BN9,B H143A,B,C;D
486,3BN9,B Q145A,B,C;D
487,3BN9,B Y146A,B,C;D
488,3BN9,B T150A,B,C;D
489,3BN9,B L153A,B,C;D
490,3BN9,B E169A,B,C;D
491,3BN9,B Q174A,B,C;D
492,3BN9,B Q175A,B,C;D
493,3BN9,B D217A,B,C;D
494,3BN9,B Q221aA,B,C;D
495,3BN9,B R222A,B,C;D
496,3BN9,B K224A,B,C;D
497,3NPS,A Q38A,A,B;C
498,3NPS,A I41A,A,B;C
499,3NPS,A I60A,A,B;C
500,3NPS,A D60aA,A,B;C
501,3NPS,A D60bA,A,B;C
502,3NPS,A R60cA,A,B;C
503,3NPS,A F60eA,A,B;C
504,3NPS,A R60fA,A,B;C
505,3NPS,A Y60gA,A,B;C
506,3NPS,A R87A,A,B;C
507,3NPS,A F94A,A,B;C
508,3NPS,A N95A,A,B;C
509,3NPS,A D96A,A,B;C
510,3NPS,A F97A,A,B;C
511,3NPS,A T98A,A,B;C
512,3NPS,A H143A,A,B;C
513,3NPS,A Q145A,A,B;C
514,3NPS,A Y146A,A,B;C
515,3NPS,A T150A,A,B;C
516,3NPS,A L153A,A,B;C
517,3NPS,A E169A,A,B;C
518,3NPS,A Q174A,A,B;C
519,3NPS,A Q175A,A,B;C
520,3NPS,A D217A,A,B;C
521,3NPS,A Q221aA,A,B;C
522,3NPS,A R222A,A,B;C
523,3NPS,A K224A,A,B;C
524,1REW,C A93P;C K88R;C K92I;C L95Q;C Q94H;C S90T;C T98D,A;B,C
525,2QJ9,C H94Q;C I92K;C P93A;C Q95L;C R88K;C S98T;C T90S,A;B,C
526,1REW,C A74T;C A93P;C K79G;C K88R;C K92I;C L95Q;C M78L;C Q94H;C S90T;C T98D;C Y80L,A;B,C
527,2QJ9,C A74T;C K79G;C M78L;C Y80L,A;B,C
528,2QJA,C G79K;C L78M;C L80Y;C T74A,A;B,C
529,2QJA,C G79K;C H94Q;C I92K;C L78M;C L80Y;C P93A;C Q95L;C R88K;C S98T;C T74A;C T90S,A;B,C
530,2QJ9,C A61T;C A74T;C D46E;C G42H;C I62M;C K79G;C M78L;C Y80L,A;B,C
531,2QJA,C A61T;C D46E;C G42H;C I62M,A;B,C
532,2QJB,C E46D;C H42G;C M62I;C T61A,A;B,C
533,2QJB,C E46D;C G79K;C H42G;C L78M;C L80Y;C M62I;C T61A;C T74A,A;B,C
534,2QJB,C E46D;C G79K;C H42G;C H94Q;C I92K;C L78M;C L80Y;C M62I;C P93A;C Q95L;C R88K;C S98T;C T61A;C T74A;C T90S,A;B,C
535,2VLR,E A99S,A;B;C,D;E
536,2VLJ,E D32A,A;B;C,D;E
537,2VLJ,E I53V,A;B;C,D;E
538,2VLJ,E I53L,A;B;C,D;E
539,2VLJ,E N55A,A;B;C,D;E
540,2VLJ,E N55D,A;B;C,D;E
541,2VLJ,E D56A,A;B;C,D;E
542,2VLJ,E Q58A,A;B;C,D;E
543,2VLJ,E Q58E,A;B;C,D;E
544,2VLJ,E S99A,A;B;C,D;E
545,2VLJ,E Y101A,A;B;C,D;E
546,2VLJ,E Y101F,A;B;C,D;E
547,2VLJ,D S31A,A;B;C,D;E
548,2VLJ,D S32A,A;B;C,D;E
549,2VLJ,D Q34A,A;B;C,D;E
550,2WPT,A D33A;B F86A,B,A
551,2WPT,A N34A;B F86A,B,A
552,2WPT,A V37A;B F86A,B,A
553,2WPT,B R54A,B,A
554,2WPT,B N72A,B,A
555,2WPT,B S74A,B,A
556,2WPT,B N75A,B,A
557,2WPT,B S77A,B,A
558,2WPT,B S78A,B,A
559,2WPT,B S84A,B,A
560,2WPT,B F86A,B,A
561,2WPT,B T87A,B,A
562,2WPT,B Q92A,B,A
563,2WPT,B K97A,B,A
564,2WPT,B V98A,B,A
569,1EMV,B R54A,B,A
570,1EMV,B N72A,B,A
571,1EMV,B S74A,B,A
572,1EMV,B N75A,B,A
573,1EMV,B S77A,B,A
574,1EMV,B S78A,B,A
575,1EMV,B S84A,B,A
576,1EMV,B F86A,B,A
577,1EMV,B T87A,B,A
578,1EMV,B Q92A,B,A
579,1EMV,B K97A,B,A
580,1EMV,B V98A,B,A
581,1EMV,A L33A;B F86A,B,A
582,1EMV,A V34A;B F86A,B,A
583,1EMV,A V37A;B F86A,B,A
584,1EMV,A Y54A;B F86A,B,A
585,1EMV,A Y55A;B F86A,B,A
586,3BK3,C L1A,A,C
587,3BK3,C L1R,A,C
588,3BK3,C I2A,A,C
589,3BK3,C I2R,A,C
590,3BK3,C T3P,A,C
591,3BK3,C T5P,A,C
592,3BK3,C I18A,A,C
593,3BK3,C I18R,A,C
594,3BK3,C I21A,A,C
595,3BK3,C I21R,A,C
596,3BK3,C I27A,A,C
597,3BK3,C I27R,A,C
598,3BK3,C A36R,A,C
599,2OOB,A K935E,A,B
600,2OOB,A A934S;A K935E,A,B
601,2OOB,A G941S,A,B
602,2OOB,A I955E;A I966E,A,B
603,1KTZ,A V92I,A,B
604,1KTZ,A R25K,A,B
605,1KTZ,A R94K,A,B
606,1KTZ,A R25A,A,B
607,1KTZ,A R94A,A,B
608,1A22,B F296S,A,B
609,1A22,B K234A;B K237A,A,B
610,1A22,B E275A;B R270A;B R271A,A,B
611,1A22,B D319A;B E320A;B K321A,A,B
612,1A22,B D352A;B E358A;B R356A,A,B
613,1A22,B D364A;B K367A;B R361A,A,B
614,1A22,B D390A;B E383A;B K385A;B K387A,A,B
615,1A22,B D405A;B E407A;B E409A;B K403A;B K406A,A,B
616,1A22,B R239A,A,B
617,1A22,B E242A,A,B
618,1A22,B R243A,A,B
619,1A22,B E244A,A,B
620,1A22,B R270A,A,B
621,1A22,B R271A,A,B
622,1A22,B E275A,A,B
623,1A22,B E279A,A,B
624,1A22,B K281A,A,B
625,1A22,B E282A,A,B
626,1A22,B E291A,A,B
627,1A22,B K310A,A,B
628,1A22,B D326A,A,B
629,1A22,B E327A,A,B
630,1A22,B D332A,A,B
631,1A22,B E373A,A,B
632,1A22,B E375A,A,B
633,1A22,B K379A,A,B
634,1A22,B E380A,A,B
635,1A22,B K403A,A,B
636,1A22,B D405A,A,B
637,1A22,B K406A,A,B
638,1A22,B E407A,A,B
639,1A22,B E409A,A,B
640,1A22,B R411A,A,B
641,1A22,B R413A,A,B
642,1A22,B K415A,A,B
643,1A22,B R417A,A,B
644,1A22,B E424A,A,B
645,1A22,B W276A,A,B
646,1A22,B W280A,A,B
647,1A22,B W304F,A,B
648,1A22,B Y295A,A,B
649,1A22,B P241A,A,B
650,1A22,B S247A,A,B
651,1A22,B T251A,A,B
652,1A22,B N272A,A,B
653,1A22,B T273A,A,B
654,1A22,B Q274A,A,B
655,1A22,B T277A,A,B
656,1A22,B Q278A,A,B
657,1A22,B N297A,A,B
658,1A22,B S298A,A,B
659,1A22,B S299A,A,B
660,1A22,B F300A,A,B
661,1A22,B T301A,A,B
662,1A22,B S302A,A,B
663,1A22,B I303A,A,B
664,1A22,B I305A,A,B
665,1A22,B P306A,A,B
666,1A22,B V325A,A,B
667,1A22,B I328A,A,B
668,1A22,B V329A,A,B
669,1A22,B Q330A,A,B
670,1GC1,C K1A,C,G
671,1GC1,C K2A,C,G
672,1GC1,C K7A,C,G
673,1GC1,C K8A,C,G
674,1GC1,C D10A,C,G
675,1GC1,C T11A,C,G
676,1GC1,C T15A,C,G
677,1GC1,C T17A,C,G
678,1GC1,C S19A,C,G
679,1GC1,C Q20A,C,G
680,1GC1,C K21A,C,G
681,1GC1,C K22A,C,G
682,1GC1,C S23A,C,G
683,1GC1,C Q25A,C,G
684,1GC1,C H27A,C,G
685,1GC1,C K29A,C,G
686,1GC1,C N30A,C,G
687,1GC1,C S31A,C,G
688,1GC1,C N32A,C,G
689,1GC1,C Q33A,C,G
690,1GC1,C K35A,C,G
691,1GC1,C N39A,C,G
692,1GC1,C Q40A,C,G
693,1GC1,C S42A,C,G
694,1GC1,C L44A,C,G
695,1GC1,C T45A,C,G
696,1GC1,C K46A,C,G
697,1GC1,C S49A,C,G
698,1GC1,C K50A,C,G
699,1GC1,C L51A,C,G
700,1GC1,C N52A,C,G
701,1GC1,C D53A,C,G
702,1GC1,C D56A,C,G
703,1GC1,C R58A,C,G
704,1GC1,C R59A,C,G
705,1GC1,C S60A,C,G
706,1GC1,C D63A,C,G
707,1GC1,C Q64A,C,G
708,1GC1,C N66A,C,G
709,1GC1,C K72A,C,G
710,1GC1,C N73A,C,G
711,1GC1,C K75A,C,G
712,1GC1,C E77A,C,G
713,1GC1,C Y82A,C,G
714,1GC1,C E85A,C,G
715,1GC1,C V86A,C,G
716,1GC1,C E87A,C,G
717,1GC1,C D88A,C,G
718,1GC1,C Q89A,C,G
719,1GC1,C K90A,C,G
720,1GC1,C E91A,C,G
721,1GC1,C E92A,C,G
722,1GC1,C Q94A,C,G
723,1GC1,C Q89L,C,G
724,1GC1,C D63A;C Q40A,C,G
725,1GC1,C D63A;C Q40A;C Q89L,C,G
726,1A22,A T3A,A,B
727,1A22,A I4A,A,B
728,1A22,A P5A,A,B
729,1A22,A L6A,A,B
730,1A22,A S7A,A,B
731,1A22,A R8A,A,B
732,1A22,A L9A,A,B
733,1A22,A F10A,A,B
734,1A22,A N12A,A,B
735,1A22,A L15A,A,B
736,1A22,A R16A,A,B
737,1A22,A R19A,A,B
738,1A22,A F54A,A,B
739,1A22,A S55A,A,B
740,1A22,A S57A,A,B
741,1A22,A I58A,A,B
742,1A22,A P59A,A,B
743,1A22,A E66A,A,B
744,1A22,A Q69A,A,B
745,1A22,A K70A,A,B
746,1A22,A S71A,A,B
747,1A22,A L73A,A,B
748,1A22,A V180A,A,B
749,1A22,A Q181A,A,B
750,1A22,A C182A,A,B
751,1A22,A S184A,A,B
752,1A22,A V185A,A,B
753,1A22,A G187A,A,B
754,1A22,A S188A,A,B
755,1A22,A F191A,A,B
756,1A4Y,B H13A,A,B
757,1A4Y,B H114A,A,B
758,1A4Y,B K40Q,A,B
759,1A22,A M14A,A,B
760,1A22,A H18A,A,B
761,1A22,A H21A,A,B
762,1A22,A Q22A,A,B
763,1A22,A F25A,A,B
764,1A22,A D26A,A,B
765,1A22,A Q29A,A,B
766,1A22,A Y42A,A,B
767,1A22,A L45A,A,B
768,1A22,A Q46A,A,B
769,1A22,A P48A,A,B
770,1A22,A S51A,A,B
771,1A22,A E56A,A,B
772,1A22,A P61A,A,B
773,1A22,A S62A,A,B
774,1A22,A N63A,A,B
775,1A22,A R64A,A,B
776,1A22,A E65A,A,B
777,1A22,A Q68A,A,B
778,1A22,A Y164A,A,B
779,1A22,A R167A,A,B
780,1A22,A K168A,A,B
781,1A22,A D171A,A,B
782,1A22,A K172A,A,B
783,1A22,A E174A,A,B
784,1A22,A T175A,A,B
785,1A22,A F176A,A,B
786,1A22,A R178A,A,B
787,1A22,A I179A,A,B
788,1A22,A R183A,A,B
789,1A22,A E186A,A,B
790,1A22,B C308A,A,B
791,1A22,B E320A,A,B
792,1A22,B K321A,A,B
793,1A22,B C322A,A,B
794,1A22,B S324A,A,B
795,1A22,B D364A,A,B
796,1A22,B I365A,A,B
797,1A22,B Q366A,A,B
798,1A22,B K367A,A,B
799,1A22,B V371A,A,B
800,1A22,B T394A,A,B
801,1A22,B T395A,A,B
802,1A22,B Q416A,A,B
803,1A22,B N418A,A,B
804,1DAN,U E208A,H;L,T;U
805,1DAN,U V207A,H;L,T;U
806,1DAN,U T203A,H;L,T;U
807,1DAN,U D204A;U K201A,H;L,T;U
808,1DAN,U N199A;U R200A,H;L,T;U
809,1DAN,U T197A;U V198A,H;L,T;U
810,1DAN,U S195A,H;L,T;U
811,1DAN,U R196A;U S195A,H;L,T;U
812,1DAN,U Y185A,H;L,T;U
813,1DAN,U E183A;U N184A,H;L,T;U
814,1DAN,U K181A,H;L,T;U
815,1DAN,U L176A,H;L,T;U
816,1DAN,U E174A;U N173A,H;L,T;U
817,1DAN,U T172A,H;L,T;U
818,1DAN,U K169A,H;L,T;U
819,1DAN,U T167A,H;L,T;U
820,1DAN,U K165A;U K166A,H;L,T;U
821,1DAN,U G164R,H;L,T;U
822,1DAN,U S163A,H;L,T;U
823,1DAN,U W158F,H;L,T;U
824,1DAN,U Y156L,H;L,T;U
825,1DAN,U I152A,H;L,T;U
826,1DAN,U D150A;U K149A,H;L,T;U
827,1DAN,U D145A,H;L,T;U
828,1DAN,U R144A,H;L,T;U
829,1DAN,U F140A,H;L,T;U
830,1DAN,U T139A,H;L,T;U
831,1DAN,U N137A;U N138A;U R136A,H;L,T;U
832,1DAN,U R135A,H;L,T;U
833,1DAN,U L133A,H;L,T;U
834,1DAN,U E130A;U R131F,H;L,T;U
835,1DAN,U D129A,H;L,T;U
836,1DAN,U E128A,H;L,T;U
837,1DAN,U K122A,H;L,T;U
838,1DAN,U E117A;U Q114A,H;L,T;U
839,1DAN,U N107A;U Q110A,H;L,T;U
840,1DAN,U E105A;U L104A,H;L,T;U
841,1DAN,U E99A,H;L,T;U
842,1DAN,U Y94A,H;L,T;U
843,1DAN,T K68A,H;L,T;U
844,1DAN,T K68A;T Q69A,H;L,T;U
845,1DAN,T D66A;T K65A,H;L,T;U
846,1DAN,T D61A;T E62A,H;L,T;U
847,1DAN,T D58E,H;L,T;U
848,1DAN,T D58A,H;L,T;U
849,1DAN,T D54A;T E56A,H;L,T;U
850,1DAN,T T52A,H;L,T;U
851,1DAN,T F50A,H;L,T;U
852,1DAN,T K48A,H;L,T;U
853,1DAN,T S47A,H;L,T;U
854,1DAN,T K46A,H;L,T;U
855,1DAN,T K46A;T K48A,H;L,T;U
856,1DAN,T W45F,H;L,T;U
857,1DAN,T D44A,H;L,T;U
858,1DAN,T S42A,H;L,T;U
859,1DAN,T K41A,H;L,T;U
860,1DAN,T D44A;T K41A,H;L,T;U
861,1DAN,T Q37A,H;L,T;U
862,1DAN,T K28A,H;L,T;U
863,1DAN,T E26A,H;L,T;U
864,1DAN,T W25F,H;L,T;U
865,1DAN,T E24A,H;L,T;U
866,1DAN,T I22A,H;L,T;U
867,1DAN,T T21A,H;L,T;U
868,1DAN,T K20R,H;L,T;U
869,1DAN,T K20A,H;L,T;U
870,1DAN,T N18A,H;L,T;U
871,1DAN,T T17A,H;L,T;U
872,1DAN,T K15A,H;L,T;U
873,1DAN,T W14F,H;L,T;U
874,1FC2,C Y133W,C,D
875,1FC2,C I135W,C,D
876,1FC2,C F149W,C,D
877,1FC2,C L163W,C,D
878,1DAN,T S47G;T W45R,H;L,T;U
879,1DAN,T W45A,H;L,T;U
880,1DAN,T V33A,H;L,T;U
881,1DAN,T Y51A,H;L,T;U
882,1DAN,T F76A,H;L,T;U
883,1DAN,T Y78A,H;L,T;U
884,1DAN,U P92A,H;L,T;U
885,1DAN,T V36A,H;L,T;U
886,1DAN,T I38A,H;L,T;U
887,1DAN,T G43A,H;L,T;U
888,1DAN,T C49S;T C57S,H;L,T;U
889,1DAN,T T60A,H;L,T;U
890,1DAN,T T60A;U F140A,H;L,T;U
891,1DAN,T K20A;T T60A,H;L,T;U
892,1DAN,T D44A;T W45A,H;L,T;U
893,1DAN,T D44A;U F140A,H;L,T;U
894,1DAN,T D44A;T K20A,H;L,T;U
895,1DAN,T D44A;T D58A,H;L,T;U
896,1DAN,T D44A;T T60A,H;L,T;U
897,1DAN,T D44A;T K20A;U F140A,H;L,T;U
898,1TM1,I T58D,E,I
899,1TM1,I E60A;I T58A,E,I
900,1TM1,I E60A;I T58D,E,I
901,1TM1,I V70A,E,I
902,1DAN,U Q110A,H;L,T;U
903,1DAN,T S16A,H;L,T;U
904,1DAN,T L59A,H;L,T;U
905,1DAN,T D61A,H;L,T;U
906,1DAN,T E62A,H;L,T;U
907,1DAN,T I63A,H;L,T;U
908,1DAN,T V64A,H;L,T;U
909,1DAN,T Q69A,H;L,T;U
910,1DAN,T L72A,H;L,T;U
911,1DAN,U E105A,H;L,T;U
912,1DAN,U T106A,H;L,T;U
913,1DAN,U N107A,H;L,T;U
914,1DAN,U R131A,H;L,T;U
915,1DAN,U T132A,H;L,T;U
916,1DAN,U R136A,H;L,T;U
917,1DAN,U N138A,H;L,T;U
918,1DAN,U V146A,H;L,T;U
919,1DAN,U F147A,H;L,T;U
920,1DAN,U Y157A,H;L,T;U
921,1DAN,U V179A,H;L,T;U
922,1DAN,U R196A,H;L,T;U
923,1DAN,U T197A,H;L,T;U
924,1DAN,U V198A,H;L,T;U
925,1DAN,U N199A,H;L,T;U
926,1FC2,C L136D,C,D
927,1FC2,C N147A,C,D
928,1FC2,C F149A,C,D
929,1FC2,C I150A,C,D
930,1FC2,C K154A,C,D
931,1DVF,A H30A,A;B,C;D
932,1DVF,A Y32A,A;B,C;D
933,1DVF,A Y49A,A;B,C;D
934,1DVF,A Y50A,A;B,C;D
935,1DVF,A W92A,A;B,C;D
936,1DVF,A S93A,A;B,C;D
937,1DVF,B T30A,A;B,C;D
938,1DVF,B Y32A,A;B,C;D
939,1DVF,B W52A,A;B,C;D
940,1DVF,B D54A,A;B,C;D
941,1DVF,B N56A,A;B,C;D
942,1DVF,B D58A,A;B,C;D
943,1DVF,B E98A,A;B,C;D
944,1DVF,B R99A,A;B,C;D
945,1DVF,B D100A,A;B,C;D
946,1DVF,B Y101F,A;B,C;D
947,1VFB,A H30A,A;B,C
948,1VFB,A Y32A,A;B,C
949,1VFB,A Y49A,A;B,C
950,1VFB,A Y50A,A;B,C
951,1VFB,A W92A,A;B,C
952,1VFB,A S93A,A;B,C
953,1VFB,B T30A,A;B,C
954,1VFB,B Y32A,A;B,C
955,1VFB,B W52A,A;B,C
956,1VFB,B D54A,A;B,C
957,1VFB,B N56A,A;B,C
958,1VFB,B D58A,A;B,C
959,1VFB,B E98A,A;B,C
960,1VFB,B R99A,A;B,C
961,1VFB,B D100A,A;B,C
962,1VFB,B Y101F,A;B,C
963,1A22,A F25A;A Q46A;A Y42A,A,B
964,1A22,A Q46A;A Y42A,A,B
965,1CBW,I T11A,A;B;C;F;G;H,D;I
966,1CBW,I G12A,A;B;C;F;G;H,D;I
967,1CBW,I P13A,A;B;C;F;G;H,D;I
968,1CBW,I R17A,A;B;C;F;G;H,D;I
969,1CBW,I I18A,A;B;C;F;G;H,D;I
970,1CBW,I I19A,A;B;C;F;G;H,D;I
971,1CBW,I R20A,A;B;C;F;G;H,D;I
972,1CBW,I F33A,A;B;C;F;G;H,D;I
973,1CBW,I V34A,A;B;C;F;G;H,D;I
974,1CBW,I Y35A,A;B;C;F;G;H,D;I
975,1CBW,I G36A,A;B;C;F;G;H,D;I
976,1CBW,I G37A,A;B;C;F;G;H,D;I
977,1CBW,I R39A,A;B;C;F;G;H,D;I
978,1CBW,I K46A,A;B;C;F;G;H,D;I
979,1VFB,A Y50S,A;B,C
980,1DAN,H R134A,H;L,T;U
981,1DAN,H M164A,H;L,T;U
982,1DAN,H K192A,H;L,T;U
983,1DAN,H L144A,H;L,T;U
984,1DVF,D Y98A,A;B,C;D
985,1DVF,C Y49A,A;B,C;D
986,1DVF,D Q100A,A;B,C;D
987,1DVF,D N54A,A;B,C;D
988,1DVF,D R100bA,A;B,C;D
989,1DVF,D K30A,A;B,C;D
990,1DVF,D H33A,A;B,C;D
991,1DVF,D D52A,A;B,C;D
992,1DVF,D I97A,A;B,C;D
993,1DVF,B E98A;D Y98A,A;B,C;D
994,1DVF,B D54A;C Y49A,A;B,C;D
995,1DVF,B D58A;D Q100A,A;B,C;D
996,1DVF,A Y49A;D N54A,A;B,C;D
997,1DVF,A Y32A;D R100bA,A;B,C;D
998,1DVF,B N56A;D Q100A,A;B,C;D
999,1DVF,B W52A;D Q100A,A;B,C;D
1000,1DVF,B D100A;D H33A,A;B,C;D
1001,1DVF,B D100A;D D52A,A;B,C;D
1002,1DVF,A Y49A;D H33A,A;B,C;D
1003,1DVF,B D100A;D N54A,A;B,C;D
1004,1DVF,B N56A;D N54A,A;B,C;D
1005,1DVF,B N56A;D H33A,A;B,C;D
1006,1CSE,I L45G,E,I
1007,1CSE,I L45S,E,I
1008,1CSE,I L45P,E,I
1009,1CSE,I L45I,E,I
1010,1CSE,I L45D,E,I
1011,1CSE,I L45E,E,I
1012,1ACB,I L45G,E,I
1013,1ACB,I L45S,E,I
1014,1ACB,I L45P,E,I
1015,1ACB,I L45I,E,I
1016,1ACB,I L45D,E,I
1017,1ACB,I L45E,E,I
1018,1IAR,A I5A,A,B
1019,1IAR,A I5R,A,B
1020,1IAR,A T6A,A,B
1021,1IAR,A T6D,A,B
1022,1IAR,A Q8A,A,B
1023,1IAR,A Q8R,A,B
1024,1IAR,A E9Q,A,B
1025,1IAR,A I11A,A,B
1026,1IAR,A K12S,A,B
1027,1IAR,A K12E,A,B
1028,1IAR,A T13A,A,B
1029,1IAR,A T13D,A,B
1030,1IAR,A N15A,A,B
1031,1IAR,A N15D,A,B
1032,1IAR,A S16A,A,B
1033,1IAR,A S16D,A,B
1034,1IAR,A E19A,A,B
1035,1IAR,A E19R,A,B
1036,1IAR,A R53Q,A,B
1037,1IAR,A K77A,A,B
1038,1IAR,A K77E,A,B
1039,1IAR,A Q78A,A,B
1040,1IAR,A Q78E,A,B
1041,1IAR,A R81A,A,B
1042,1IAR,A R81E,A,B
1043,1IAR,A F82A,A,B
1044,1IAR,A F82D,A,B
1045,1IAR,A K84A,A,B
1046,1IAR,A K84D,A,B
1047,1IAR,A R85A,A,B
1048,1IAR,A R85E,A,B
1049,1IAR,A R88Q,A,B
1050,1IAR,A R88A,A,B
1051,1IAR,A N89A,A,B
1052,1IAR,A W91A,A,B
1053,1IAR,A W91D,A,B
1054,1A4Y,B H8A,A,B
1055,1A4Y,B Q12A,A,B
1056,1A4Y,B N68A,A,B
1057,1A4Y,B E108A,A,B
1058,1A4Y,A Y434A,A,B
1059,1A4Y,A D435A,A,B
1060,1A4Y,A Y437A,A,B
1061,1DFJ,I Y430A,E,I
1062,1DFJ,I D431A,E,I
1063,1DFJ,I Y433A,E,I
1064,2PCB,A E291Q,A,B
1065,2PCB,A E32Q,A,B
1066,2PCB,A E35Q,A,B
1067,2PCB,A A193F,A,B
1068,2PCB,A D34N,A,B
1069,2PCB,A E290N,A,B
1070,1AK4,D P485A,A,D
1071,1AK4,D V486A,A,D
1072,1AK4,D H487A,A,D
1073,1AK4,D H487Q,A,D
1074,1AK4,D H487R,A,D
1075,1AK4,D A488V,A,D
1076,1AK4,D A488G,A,D
1077,1AK4,D G489A,A,D
1078,1AK4,D G489V,A,D
1079,1AK4,D P490A,A,D
1080,1AK4,D I491A,A,D
1081,1AK4,D I491V,A,D
1082,1AK4,D A492G,A,D
1083,1AK4,D A492V,A,D
1084,1AK4,D P493A,A,D
1085,1E96,A N26H,A,B
1086,1E96,A I33N,A,B
1087,1E96,A D38N,A,B
1088,1E96,A M45T,A,B
1089,1E96,A K132E,A,B
1090,1E96,A L134R,A,B
1091,1JRH,I T14V,H;L,I
1092,1JRH,I E21K;I T19L,H;L,I
1093,1JRH,I I28V;I M25L,H;L,I
1094,1JRH,I I35N;I P37S;I V39T;I V41I,H;L,I
1095,1JRH,I E45Q,H;L,I
1096,1JRH,I A59S;I H65D;I I61T,H;L,I
1097,1JRH,I D72E;I D76Y;I G75M;I H73Q;I L81A;I N79V;I S71Y;I S78D;I V74I,H;L,I
1098,1JRH,I R88K;I V83A,H;L,I
1099,1JRH,I A95D;I E100K;I K98R,H;L,I
1100,1JRH,I A103L;I V104M,H;L,I
1101,1EMV,A C23A,B,A
1102,1EMV,A N24A,B,A
1103,1EMV,A D26A,B,A
1104,1EMV,A T27A,B,A
1105,1EMV,A S28A,B,A
1106,1EMV,A S29A,B,A
1107,1EMV,A E30A,B,A
1108,1EMV,A E31A,B,A
1109,1EMV,A E32A,B,A
1110,1EMV,A L33A,B,A
1111,1EMV,A V34A,B,A
1112,1EMV,A K35A,B,A
1113,1EMV,A L36A,B,A
1114,1EMV,A V37A,B,A
1115,1EMV,A T38A,B,A
1116,1EMV,A E41A,B,A
1117,1EMV,A E42A,B,A
1118,1EMV,A T44A,B,A
1119,1EMV,A E45A,B,A
1120,1EMV,A H46A,B,A
1121,1EMV,A P47A,B,A
1122,1EMV,A S48A,B,A
1123,1EMV,A G49A,B,A
1124,1EMV,A S50A,B,A
1125,1EMV,A D51A,B,A
1126,1EMV,A L52A,B,A
1127,1EMV,A I53A,B,A
1128,1EMV,A Y54A,B,A
1129,1EMV,A Y55A,B,A
1130,1EMV,A P56A,B,A
1131,1EMV,A D60A,B,A
1132,1EMV,A S63A,B,A
1133,1EMV,A V68A,B,A
1134,1EMV,A N69A,B,A
1137,1AHW,C D150A;C K149A,A;B,C
1138,1AHW,C Y157A,A;B,C
1139,1AHW,C K165A;C K166A,A;B,C
1140,1AHW,C T167A,A;B,C
1141,1AHW,C T170A,A;B,C
1142,1AHW,C L176A,A;B,C
1143,1AHW,C D178A,A;B,C
1144,1AHW,C T197A,A;B,C
1145,1AHW,C V198A,A;B,C
1146,1AHW,C N199A,A;B,C
1147,1JCK,B T20A,A;C,B
1148,1JCK,B Y26A,A;C,B
1149,1JCK,B N60A,A;C,B
1150,1JCK,B Y90A,A;C,B
1151,1JCK,B V91A,A;C,B
1152,1JCK,B K103A,A;C,B
1153,1JCK,B F176A,A;C,B
1154,1A22,B S419A,A,B
1155,1A22,B R243L,A,B
1156,1A22,B R243M,A,B
1157,1NMB,H D56N,H;L,N
1158,1NMB,H D56E,H;L,N
1159,1NMB,H Y99A,H;L,N
1160,1NMB,H Y100aF,H;L,N
1161,1NMB,L Y32F,H;L,N
1162,1NMB,L L94V,H;L,N
1163,1VFB,C D18A,A;B,C
1164,1VFB,C N19A,A;B,C
1165,1VFB,C Y23A,A;B,C
1166,1VFB,C S24A,A;B,C
1167,1VFB,C K116A,A;B,C
1168,1VFB,C T118A,A;B,C
1169,1VFB,C D119A,A;B,C
1170,1VFB,C V120A,A;B,C
1171,1VFB,C Q121A,A;B,C
1172,1VFB,C I124A,A;B,C
1173,1VFB,C R125A,A;B,C
1174,1VFB,C L129A,A;B,C
1175,1VFB,A Y32A;C Q121A,A;B,C
1176,1VFB,A Y32A;C I124A,A;B,C
1177,1VFB,A Y50A;C D18A,A;B,C
1178,1VFB,A Y50A;C D119A,A;B,C
1179,1VFB,A W92A;C Q121A,A;B,C
1180,1VFB,A W92A;C I124A,A;B,C
1181,1VFB,A W92A;C R125A,A;B,C
1182,1VFB,A W92A;C L129A,A;B,C
1183,1VFB,B Y32A;C K116A,A;B,C
1184,1VFB,B W52A;C D119A,A;B,C
1185,1VFB,B D54A;C T118A,A;B,C
1186,1VFB,B D100A;C S24A,A;B,C
1187,1VFB,B Y101F;C D119A,A;B,C
1188,1VFB,B Y101F;C V120A,A;B,C
1189,1NCA,H N31Q,H;L,N
1190,1NCA,H E96D,H;L,N
1191,1NCA,H D97K,H;L,N
1192,1NCA,H N98Q,H;L,N
1193,2WPT,A D33L,B,A
1194,2WPT,A N34V,B,A
1195,2WPT,A R38T,B,A
1196,2WPT,A E39H,B,A
1197,2WPT,A R42E,B,A
1198,2WPT,A N34V;A R38T,B,A
1199,2WPT,A D33L;A N34V;A R38T,B,A
1200,2WPT,A N34V;A R38T;A R42E,B,A
1201,2WPT,A E39H;A N34V;A R38T;A R42E,B,A
1202,2WPT,A E30A,B,A
1203,2WPT,A D33A,B,A
1204,2WPT,A N34A,B,A
1205,2WPT,A V37A,B,A
1206,2WPT,A E41A,B,A
1207,2WPT,A R42A,B,A
1208,2WPT,A S50A,B,A
1209,2WPT,A P56A,B,A
1210,1JRH,I K47A,H;L,I
1211,1JRH,I N48A,H;L,I
1212,1JRH,I N48Q,H;L,I
1213,1JRH,I Y49A,H;L,I
1214,1JRH,I Y49F,H;L,I
1215,1JRH,I G50A,H;L,I
1216,1JRH,I V51A,H;L,I
1217,1JRH,I K52A,H;L,I
1218,1JRH,I N53A,H;L,I
1219,1JRH,I S54A,H;L,I
1220,1JRH,I E55A,H;L,I
1221,1JRH,I W56F,H;L,I
1222,1JRH,I W56Y,H;L,I
1223,1JRH,I N79A,H;L,I
1224,1JRH,I W82A,H;L,I
1225,1JRH,I W82F,H;L,I
1226,1JRH,I W82Y,H;L,I
1227,1JRH,I R84A,H;L,I
1228,1JRH,I K98A,H;L,I
1229,1JTG,A G238S,B,A
1230,1JTG,A E104K,B,A
1231,1JTG,A G238S;B F142A,B,A
1232,1JTG,A E104K;B F142A,B,A
1233,1MLC,A N32G,A;B,E
1234,1MLC,A N32Y,A;B,E
1235,1MLC,B S57V,A;B,E
1236,1MLC,B S57A,A;B,E
1237,1MLC,B T58D,A;B,E
1238,1MLC,A N92A,A;B,E
1239,1MLC,B T31V,A;B,E
1240,1MLC,B T31A,A;B,E
1241,1MLC,B T31W,A;B,E
1242,1MLC,B T28D,A;B,E
1243,1MLC,B K65D,A;B,E
1244,1MLC,B S57V;B T58D,A;B,E
1245,1MLC,A N32G;A N92A,A;B,E
1246,1MLC,A N32G;A N92A;B S57V;B T58D,A;B,E
1247,1MLC,A N92A;B S57V;B T58D,A;B,E
1248,1MLC,A N92A;B S57V;B T28D;B T58D,A;B,E
